,瘤开,痹葛,楷档,岿,盒剧啊
0,面合, 60С捞窍,2015,10,1919
1,面合, 60С檬苞 85С捞窍,2015,10,2033
2,面合, 85С檬苞 102С捞窍,2015,10,2102
3,面合, 102С檬苞,2015,10,2369
4,面合, 60С捞窍,2015,11,1921
5,面合, 60С檬苞 85С捞窍,2015,11,2015
6,面合, 85С檬苞 102С捞窍,2015,11,1868
7,面合, 102С檬苞,2015,11,2277
8,面合, 60С捞窍,2015,12,1941
9,面合, 60С檬苞 85С捞窍,2015,12,2017
10,面合, 85С檬苞 102С捞窍,2015,12,2276
11,面合, 102С檬苞,2015,12,2261
12,面合, 60С捞窍,2016,1,1952
13,面合, 60С檬苞 85С捞窍,2016,1,2021
14,面合, 85С檬苞 102С捞窍,2016,1,2276
15,面合, 102С檬苞,2016,1,2261
16,面合, 60С捞窍,2016,2,1952
17,面合, 60С檬苞 85С捞窍,2016,2,2021
18,面合, 85С檬苞 102С捞窍,2016,2,2276
19,面合, 102С檬苞,2016,2,2261
20,面合, 60С捞窍,2016,3,1925
21,面合, 60С檬苞 85С捞窍,2016,3,2021
22,面合, 85С檬苞 102С捞窍,2016,3,2276
23,面合, 102С檬苞,2016,3,2261
24,面合, 60С捞窍,2016,4,1915
25,面合, 60С檬苞 85С捞窍,2016,4,2010
26,面合, 85С檬苞 102С捞窍,2016,4,2276
27,面合, 102С檬苞,2016,4,2261
28,面合, 60С捞窍,2016,5,1925
29,面合, 60С檬苞 85С捞窍,2016,5,2024
30,面合, 85С檬苞 102С捞窍,2016,5,2276
31,面合, 102С檬苞,2016,5,2271
32,面合, 60С捞窍,2016,6,2007
33,面合, 60С檬苞 85С捞窍,2016,6,2108
34,面合, 85С檬苞 102С捞窍,2016,6,2276
35,面合, 102С檬苞,2016,6,2243
36,面合, 60С捞窍,2016,7,2044
37,面合, 60С檬苞 85С捞窍,2016,7,2150
38,面合, 85С檬苞 102С捞窍,2016,7,2276
39,面合, 102С檬苞,2016,7,2243
40,面合, 60С捞窍,2016,8,2044
41,面合, 60С檬苞 85С捞窍,2016,8,2149
42,面合, 85С檬苞 102С捞窍,2016,8,2321
43,面合, 102С檬苞,2016,8,2243
44,面合, 60С捞窍,2016,9,2044
45,面合, 60С檬苞 85С捞窍,2016,9,2153
46,面合, 85С檬苞 102С捞窍,2016,9,2321
47,面合, 102С檬苞,2016,9,2243
48,面合, 60С捞窍,2016,10,2078
49,面合, 60С檬苞 85С捞窍,2016,10,2169
50,面合, 85С檬苞 102С捞窍,2016,10,2684
51,面合, 102С檬苞,2016,10,2247
52,面合, 60С捞窍,2016,11,2082
53,面合, 60С檬苞 85С捞窍,2016,11,2144
54,面合, 85С檬苞 102С捞窍,2016,11,2711
55,面合, 102С檬苞,2016,11,2221
56,面合, 60С捞窍,2016,12,2099
57,面合, 60С檬苞 85С捞窍,2016,12,2100
58,面合, 85С檬苞 102С捞窍,2016,12,2855
59,面合, 102С檬苞,2016,12,2362
60,面合, 60С捞窍,2017,1,2142
61,面合, 60С檬苞 85С捞窍,2017,1,2124
62,面合, 85С檬苞 102С捞窍,2017,1,2855
63,面合, 102С檬苞,2017,1,2362
64,面合, 60С捞窍,2017,2,2049
65,面合, 60С檬苞 85С捞窍,2017,2,2061
66,面合, 85С檬苞 102С捞窍,2017,2,2855
67,面合, 102С檬苞,2017,2,2358
68,面合, 60С捞窍,2017,3,2155
69,面合, 60С檬苞 85С捞窍,2017,3,1983
70,面合, 85С檬苞 102С捞窍,2017,3,2855
71,面合, 102С檬苞,2017,3,2358
72,面合, 60С捞窍,2017,4,2155
73,面合, 60С檬苞 85С捞窍,2017,4,2045
74,面合, 85С檬苞 102С捞窍,2017,4,2563
75,面合, 102С檬苞,2017,4,2333
76,面合, 60С捞窍,2017,5,2162
77,面合, 60С檬苞 85С捞窍,2017,5,2048
78,面合, 85С檬苞 102С捞窍,2017,5,2563
79,面合, 102С檬苞,2017,5,2564
80,面合, 60С捞窍,2017,6,2162
81,面合, 60С檬苞 85С捞窍,2017,6,2041
82,面合, 85С檬苞 102С捞窍,2017,6,2563
83,面合, 102С檬苞,2017,6,2500
84,面合, 60С捞窍,2017,7,2162
85,面合, 60С檬苞 85С捞窍,2017,7,2041
86,面合, 85С檬苞 102С捞窍,2017,7,2563
87,面合, 102С檬苞,2017,7,2500
88,面合, 60С捞窍,2017,8,2162
89,面合, 60С檬苞 85С捞窍,2017,8,2048
90,面合, 85С檬苞 102С捞窍,2017,8,2563
91,面合, 102С檬苞,2017,8,2500
92,面合, 60С捞窍,2017,9,2162
93,面合, 60С檬苞 85С捞窍,2017,9,2053
94,面合, 85С檬苞 102С捞窍,2017,9,2563
95,面合, 102С檬苞,2017,9,2500
96,面合, 60С捞窍,2017,10,2162
97,面合, 60С檬苞 85С捞窍,2017,10,2058
98,面合, 85С檬苞 102С捞窍,2017,10,2563
99,面合, 102С檬苞,2017,10,2500
100,面合, 60С捞窍,2017,11,2203
101,面合, 60С檬苞 85С捞窍,2017,11,2076
102,面合, 85С檬苞 102С捞窍,2017,11,2271
103,面合, 102С檬苞,2017,11,2504
104,面合, 60С捞窍,2017,12,2203
105,面合, 60С檬苞 85С捞窍,2017,12,2076
106,面合, 85С檬苞 102С捞窍,2017,12,2271
107,面合, 102С檬苞,2017,12,2504
108,面合, 60С捞窍,2018,1,2203
109,面合, 60С檬苞 85С捞窍,2018,1,2076
110,面合, 85С檬苞 102С捞窍,2018,1,2271
111,面合, 102С檬苞,2018,1,2504
112,面合, 60С捞窍,2018,2,2348
113,面合, 60С檬苞 85С捞窍,2018,2,2165
114,面合, 85С檬苞 102С捞窍,2018,2,2271
115,面合, 102С檬苞,2018,2,2485
116,面合, 60С捞窍,2018,3,2348
117,面合, 60С檬苞 85С捞窍,2018,3,2456
118,面合, 85С檬苞 102С捞窍,2018,3,2471
119,面合, 102С檬苞,2018,3,2482
120,面合, 60С捞窍,2018,4,2348
121,面合, 60С檬苞 85С捞窍,2018,4,2631
122,面合, 85С檬苞 102С捞窍,2018,4,2671
123,面合, 102С檬苞,2018,4,2680
124,面合, 60С捞窍,2018,5,2348
125,面合, 60С檬苞 85С捞窍,2018,5,2636
126,面合, 85С檬苞 102С捞窍,2018,5,2725
127,面合, 102С檬苞,2018,5,2683
128,面合, 60С捞窍,2018,6,2286
129,面合, 60С檬苞 85С捞窍,2018,6,2382
130,面合, 85С檬苞 102С捞窍,2018,6,2725
131,面合, 102С檬苞,2018,6,2773
132,面合, 60С捞窍,2018,7,2286
133,面合, 60С檬苞 85С捞窍,2018,7,2386
134,面合, 85С檬苞 102С捞窍,2018,7,2725
135,面合, 102С檬苞,2018,7,2719
136,面合, 60С捞窍,2018,8,2286
137,面合, 60С檬苞 85С捞窍,2018,8,2386
138,面合, 85С檬苞 102С捞窍,2018,8,2725
139,面合, 102С檬苞,2018,8,2719
140,面合, 60С捞窍,2018,9,2286
141,面合, 60С檬苞 85С捞窍,2018,9,2380
142,面合, 85С檬苞 102С捞窍,2018,9,2725
143,面合, 102С檬苞,2018,9,2719
144,面合, 60С捞窍,2018,10,2286
145,面合, 60С檬苞 85С捞窍,2018,10,2380
146,面合, 85С檬苞 102С捞窍,2018,10,2725
147,面合, 102С檬苞,2018,10,2719
148,面合, 60С捞窍,2018,11,2261
149,面合, 60С檬苞 85С捞窍,2018,11,2383
150,面合, 85С檬苞 102С捞窍,2018,11,2725
151,面合, 102С檬苞,2018,11,2689
152,面合, 60С捞窍,2018,12,2261
153,面合, 60С檬苞 85С捞窍,2018,12,2383
154,面合, 85С檬苞 102С捞窍,2018,12,2725
155,面合, 102С檬苞,2018,12,2689
156,面合, 60С捞窍,2019,1,2261
157,面合, 60С檬苞 85С捞窍,2019,1,2383
158,面合, 85С檬苞 102С捞窍,2019,1,2725
159,面合, 102С檬苞,2019,1,2689
160,面合, 60С捞窍,2019,2,2158
161,面合, 60С檬苞 85С捞窍,2019,2,2298
162,面合, 85С檬苞 102С捞窍,2019,2,2725
163,面合, 102С檬苞,2019,2,2689
164,面合, 60С捞窍,2019,3,2158
165,面合, 60С檬苞 85С捞窍,2019,3,2301
166,面合, 85С檬苞 102С捞窍,2019,3,2789
167,面合, 102С檬苞,2019,3,2696
168,面合, 60С捞窍,2019,4,2158
169,面合, 60С檬苞 85С捞窍,2019,4,2313
170,面合, 85С檬苞 102С捞窍,2019,4,2789
171,面合, 102С檬苞,2019,4,2696
172,面合, 60С捞窍,2019,5,2158
173,面合, 60С檬苞 85С捞窍,2019,5,2314
174,面合, 85С檬苞 102С捞窍,2019,5,2576
175,面合, 102С檬苞,2019,5,2673
176,面合, 60С捞窍,2019,6,2149
177,面合, 60С檬苞 85С捞窍,2019,6,2359
178,面合, 85С檬苞 102С捞窍,2019,6,2576
179,面合, 102С檬苞,2019,6,2673
180,面合, 60С捞窍,2019,7,2149
181,面合, 60С檬苞 85С捞窍,2019,7,2316
182,面合, 85С檬苞 102С捞窍,2019,7,2576
183,面合, 102С檬苞,2019,7,2532
184,面合, 60С捞窍,2019,8,2124
185,面合, 60С檬苞 85С捞窍,2019,8,2261
186,面合, 85С檬苞 102С捞窍,2019,8,2576
187,面合, 102С檬苞,2019,8,2532
188,面合, 60С捞窍,2019,9,2303
189,面合, 60С檬苞 85С捞窍,2019,9,2284
190,面合, 85С檬苞 102С捞窍,2019,9,2576
191,面合, 102С檬苞,2019,9,2532
192,面合, 60С捞窍,2019,10,2286
193,面合, 60С檬苞 85С捞窍,2019,10,2292
194,面合, 85С檬苞 102С捞窍,2019,10,2634
195,面合, 102С檬苞,2019,10,2532
196,面合, 60С捞窍,2019,11,2324
197,面合, 60С檬苞 85С捞窍,2019,11,2293
198,面合, 85С檬苞 102С捞窍,2019,11,2634
199,面合, 102С檬苞,2019,11,2532
200,面合, 60С捞窍,2019,12,2324
201,面合, 60С檬苞 85С捞窍,2019,12,2297
202,面合, 85С檬苞 102С捞窍,2019,12,2634
203,面合, 102С檬苞,2019,12,2532
204,面合, 60С捞窍,2020,1,2324
205,面合, 60С檬苞 85С捞窍,2020,1,2297
206,面合, 85С檬苞 102С捞窍,2020,1,2634
207,面合, 102С檬苞,2020,1,2532
208,面合, 60С捞窍,2020,2,2420
209,面合, 60С檬苞 85С捞窍,2020,2,2384
210,面合, 85С檬苞 102С捞窍,2020,2,2634
211,面合, 102С檬苞,2020,2,2532
